"id","date","name","email","grade","status","geoLocation","timezone","service","profInterests","funFact","emailList","tutoringMails","academicSvsMails","relationsMails","createdAt","accept_date","acceptedAt"
"_78LmDYjRyFRV59e8crFI","1595524169582","row","eeemail@gmail.com","some grade","accepted","street location","gmt+1","tutoring","gaming","idk",true,true,true,true,,,
"hIGxprJ69Tl_1luKNs6sy","1595524263602","random","eeemail@gmail.com","some grade","accepted","street location","gmt+1","tutoring","gaming","idk",true,true,true,true,,,
"twLEDKHu75pGO67tO8J_2","1595524269790","yest","eeemail@gmail.com","some grade","accepted","street location","gmt+1","tutoring","gaming","idk",true,true,true,true,,,
"bHe4HCWlgU5g6FXQrpYL_","1595524275874","sqej","eeemail@gmail.com","some grade","accepted","street location","gmt+1","tutoring","gaming","idk",true,true,true,true,,,
"51ExKoiRBBXf9T55mxVBX","1596061730579","leen","eeemail@gmail.com","some grade","accepted","street location","gmt+1","tutoring","gaming","idk",true,true,true,true,,,
"KqwIa6ri1uAVIkSAjFiBO","1596061737514","fray","eeemail@gmail.com","some grade","accepted","street location","gmt+1","tutoring","gaming","idk",true,true,true,true,,,
"LtITAqzeGRqwwlkwbL2lV","1596061747776","mad","eeemail@gmail.com","some grade","accepted","street location","gmt+1","tutoring","gaming","idk",true,true,true,true,,,
"Tfy39e4LDVIAipjKVZuco","1596061753743","deed","eeemail@gmail.com","some grade","accepted","street location","gmt+1","tutoring","gaming","idk",true,true,true,true,,,
"MDLQq0nUYPScpZNLmR55B","1596061759090","im","eeemail@gmail.com","some grade","accepted","street location","gmt+1","tutoring","gaming","idk",true,true,true,true,,,
"mIxapQFoRRl9sx6bH6f5_","1596061764909","uguhhh","eeemail@gmail.com","some grade","accepted","street location","gmt+1","tutoring","gaming","idk",true,true,true,true,,,
"BwTeaWHMHU9IoaP9KL8rr","1596061772645","ko","eeemail@gmail.com","some grade","accepted","street location","gmt+1","tutoring","gaming","idk",true,true,true,true,,,
"_8qmv0Hq-4H_U-hFMdW7d","1596061779066","looij","eeemail@gmail.com","some grade","accepted","street location","gmt+1","tutoring","gaming","idk",true,true,true,true,,,
"ZTyYvUddDUjlSwN_yoIxn","1596061784392","mario","eeemail@gmail.com","some grade","accepted","street location","gmt+1","tutoring","gaming","idk",true,true,true,true,,,
"oKOUXIhCX2z2gC_fZnVzL","1596061790260","shcell","eeemail@gmail.com","some grade","accepted","street location","gmt+1","tutoring","gaming","idk",true,true,true,true,,,
"VSMunHD4WFSokxYF_ZkR1","08-01-2020","new","eeemail@gmail.com","some grade","accepted","street location","gmt+1","tutoring","gaming","idk",true,true,true,true,1596309843009,"08-01-2020",1596310164571
"9F5kZO7ilGBaggfEDBNJP","08-01-2020","bug","eeemail@gmail.com","some grade","accepted","street location","gmt+1","tutoring","gaming","idk",true,true,true,true,1596311360695,"08-01-2020",1596311813491